"","Woodland_edge_cover_1000m","Perennial_cover_1000m","Arable_cover_1000m","Low","Medium","High","total_score"
"1","Low","Low","Low",0.951398875975708,0.0485946486349934,6.47538929868919e-06,1
"2","Low","Low","Medium",0.534788022830676,0.464160966357455,0.00105101081186917,1.47619047619048
"3","Low","Low","High",6.16967982780538e-05,0.142406744151495,0.857531559050227,2.8018018018018
"4","Low","Medium","Low",0.534788022830676,0.464160966357455,0.00105101081186917,1.47619047619048
"5","Low","Medium","Medium",0.0612895922257063,0.903930013118356,0.0347803946559373,1.95238095238095
"6","Low","Medium","High",2.24504458986056e-05,0.0885615088541501,0.911416040699951,2.89189189189189
"7","Low","High","Low",6.16967982780538e-05,0.142406744151495,0.857531559050227,2.8018018018018
"8","Low","High","Medium",2.24504458986056e-05,0.0885615088541501,0.911416040699951,2.89189189189189
"9","Low","High","High",7.97966781315186e-06,0.0537968633066643,0.946195157025523,2.98198198198198
"10","Medium","Low","Low",0.936491400631468,0.0634973673122942,1.12320562374951e-05,1.04761904761905
"11","Medium","Low","Medium",0.463902817402295,0.534490593750396,0.00160658884730849,1.52380952380952
"12","Medium","Low","High",5.58411424432363e-05,0.135987013347174,0.863957145510382,2.81081081081081
"13","Medium","Medium","Low",0.463902817402295,0.534490593750396,0.00160658884730849,1.52380952380952
"14","Medium","Medium","Medium",0.0463429303084531,0.907314139383094,0.0463429303084531,2
"15","Medium","Medium","High",2.02622291924918e-05,0.0843300718006052,0.915649665970202,2.9009009009009
"16","Medium","High","Low",5.58411424432363e-05,0.135987013347174,0.863957145510382,2.81081081081081
"17","Medium","High","Medium",2.02622291924918e-05,0.0843300718006052,0.915649665970202,2.9009009009009
"18","Medium","High","High",7.18878724738643e-06,0.0511332012815359,0.948859609931217,2.99099099099099
"19","High","Low","Low",0.917407206792644,0.0825734035627416,1.93896446144468e-05,1.0952380952381
"20","High","Low","Medium",0.39438918340577,0.603203933705844,0.00240688288838667,1.57142857142857
"21","High","Low","High",5.0524165562197e-05,0.129812795027962,0.870136680806475,2.81981981981982
"22","High","Medium","Low",0.39438918340577,0.603203933705844,0.00240688288838667,1.57142857142857
"23","High","Medium","Medium",0.0347803946559373,0.903930013118356,0.0612895922257063,2.04761904761905
"24","High","Medium","High",1.82832353223187e-05,0.0802829840126629,0.919698732752015,2.90990990990991
"25","High","High","Low",5.0524165562197e-05,0.129812795027962,0.870136680806475,2.81981981981982
"26","High","High","Medium",1.82832353223187e-05,0.0802829840126629,0.919698732752015,2.90990990990991
"27","High","High","High",6.47538929868919e-06,0.0485946486349934,0.951398875975708,3
