"","MAX_DAMS_1000m","woodland_shelter_value","Low","Medium","High","total_score"
"1","Low","Low",0.951398875975708,0.0485946486349934,6.47538929868919e-06,1.2
"2","Medium","Low",0.119022406916594,0.864592612287965,0.0163849807954419,2.2
"3","High","Low",0.000261883562253934,0.270550294521118,0.729187821916628,3.2
"4","Low","Medium",0.878956729354168,0.120999814266776,4.34563790560266e-05,1.4
"5","Medium","Medium",0.0463429303084531,0.907314139383094,0.046342930308453,2.4
"6","High","Medium",4.3456379056027e-05,0.120999814266776,0.878956729354168,3.4
"7","Low","High",0.729187821916628,0.270550294521118,0.000261883562253934,1.6
"8","Medium","High",0.0163849807954419,0.864592612287965,0.119022406916594,2.6
"9","High","High",6.47538929868919e-06,0.0485946486349934,0.951398875975708,3.6
