"","Thermoregulation_Index","Attraction_Index","Woodland_Food_Value_Index","Low","Low_Medium","Medium","Medium_High","High","total_score"
"2","Low","Low","Medium",0.951398875973566,0.048594648634884,6.47538929867462e-06,2.25110081251305e-12,2.04162338184414e-21,1
"3","Low","Low","High",0.580466352158832,0.418745555462087,0.000788088509611545,3.86946929792441e-09,4.95654940426057e-17,1.20026702269693
"5","Low","Medium","Medium",0.0015031939514696,0.522875940650367,0.474497493659981,0.0011233647997821,6.93839985678769e-09,1.6675567423231
"6","Low","Medium","High",1.42884585173204e-05,0.0701966465950114,0.899702604487018,0.0300838361256435,2.62433380946877e-06,1.86782376502003
"8","Low","High","Medium",2.09118111633097e-13,1.29512220817205e-06,0.0209257714248115,0.882071577714397,0.0970013557383744,2.43020594965675
"9","Low","High","High",1.43710461704707e-16,8.30712377502018e-09,0.00125275055215124,0.492867462987054,0.505879778153671,2.60183066361556
"11","Medium","Low","Medium",0.770480168575324,0.229341734170482,0.000178096893382487,3.60812205532346e-10,1.90703086225211e-18,1.13333333333333
"12","Medium","Low","High",0.191082124344344,0.800175795933739,0.00874183056610891,2.49155789791783e-07,1.85264072721406e-14,1.33333333333333
"14","Medium","Medium","Medium",7.94427729311567e-05,0.158948010581608,0.829673890210469,0.0112982550446203,4.01390370972077e-07,1.8
"15","Medium","Medium","High",4.01390370972077e-07,0.0112982550446203,0.829673890210469,0.158948010581608,7.94427729311567e-05,2
"17","Medium","High","Medium",1.98161415654127e-15,5.30543105792341e-08,0.00370573090355811,0.6752719464629,0.321022269579229,2.54285714285714
"18","Medium","High","High",6.70846067109185e-19,1.6716875115695e-10,0.000108677325649296,0.184320827681888,0.815570494825294,2.71428571428571
"20","High","Low","Medium",0.364627794324514,0.632509732623854,0.0028624392562795,3.37953517219208e-08,1.04094860298116e-15,1.26666666666667
"21","High","Low","High",0.0370947527834046,0.905260655926751,0.0576350182242038,9.5730614922699e-06,4.14826877034484e-12,1.46666666666667
"23","High","Medium","Medium",2.5348473669702e-06,0.0295561819003872,0.899076139554035,0.0713503714148789,1.47722833323471e-05,1.93333333333333
"24","High","Medium","High",6.71293421929213e-09,0.00110116558729687,0.471242546919278,0.526123842133553,0.00153243864693854,2.13333333333333
"26","High","High","Medium",1.09107131151122e-17,1.29253350518778e-09,0.000399468103230552,0.322087618135489,0.677512912468747,2.65714285714286
"27","High","High","High",2.04162338184414e-21,2.25110081251305e-12,6.47538929867462e-06,0.048594648634884,0.951398875973566,2.82857142857143
