"","Connectivity_Index","Attraction_Index","Woodland_Food_Value_Index","Low","Low_Medium","Medium","Medium_High","High","total_score"
"1","Low","Low","Low",0.951398875973566,0.048594648634884,6.47538929867462e-06,2.25110081251305e-12,2.04162338184414e-21,1.5
"2","Low","Low","Medium",0.0309417996152477,0.900650543195437,0.068394107388667,1.35497936449004e-05,7.00322857168746e-12,2.3
"3","Low","Low","High",1.22620217312086e-06,0.0203403190716768,0.880248037894059,0.0993811446870521,2.92721450385514e-05,3.1
"4","Low","Medium","Low",0.269240322935123,0.725657183263082,0.00510240020323148,9.35985593707217e-08,4.47935449785078e-15,2
"5","Low","Medium","Medium",0.000128933227260284,0.198034649042883,0.793540574040218,0.00829561744415414,2.26245484245367e-07,2.8
"6","Low","Medium","High",7.09583657603466e-11,6.21104775057834e-05,0.141833152545066,0.844971904382582,0.0131328325238874,3.6
"7","Low","High","Low",0.00510107125881551,0.725468182396195,0.269170198011661,0.000260547675369054,6.57959339595521e-10,2.5
"8","Low","High","Medium",3.74743522439507e-08,0.00303721857948664,0.642198942024276,0.354253988182679,0.000509813739205697,3.3
"9","Low","High","High",3.13475970583897e-16,1.44787511121088e-08,0.00174465505979702,0.548453320940328,0.449802009521123,4.1
"10","Medium","Low","Low",0.800178731545656,0.199691256448839,0.000130011784675289,2.20829970717331e-10,9.78554310720925e-19,1.7
"11","Medium","Low","Medium",0.00510107125881551,0.725468182396195,0.269170198011661,0.000260547675369054,6.57959339595521e-10,2.5
"12","Medium","Low","High",3.74743522439507e-08,0.00303721857948664,0.642198942024276,0.354253988182679,0.000509813739205697,3.3
"13","Medium","Medium","Low",0.0683948444502517,0.900660249220449,0.0309421330652005,2.77326345043674e-06,6.48460655802989e-13,2.2
"14","Medium","Medium","Medium",6.17526450271017e-06,0.0463423579487481,0.907302933573498,0.0463423579487481,6.17526450271017e-06,3
"15","Medium","Medium","High",6.48460655802989e-13,2.77326345043674e-06,0.0309421330652005,0.900660249220449,0.0683948444502517,3.8
"16","Medium","High","Low",0.000509813739205693,0.354253988182678,0.642198942024277,0.00303721857948666,3.74743522439513e-08,2.7
"17","Medium","High","Medium",6.57959339595525e-10,0.000260547675369056,0.269170198011661,0.725468182396195,0.0051010712588155,3.5
"18","Medium","High","High",9.78554310720909e-19,2.20829970717327e-10,0.000130011784675288,0.199691256448838,0.800178731545657,4.3
"19","High","Low","Low",0.449802009521123,0.548453320940329,0.00174465505979703,1.44787511121089e-08,3.13475970583902e-16,1.9
"20","High","Low","Medium",0.000509813739205693,0.354253988182678,0.642198942024277,0.00303721857948666,3.74743522439513e-08,2.7
"21","High","Low","High",6.57959339595514e-10,0.000260547675369053,0.26917019801166,0.725468182396196,0.00510107125881553,3.5
"22","High","Medium","Low",0.0131328325238873,0.844971904382581,0.141833152545067,6.21104775057842e-05,7.09583657603479e-11,2.4
"23","High","Medium","Medium",2.26245484245364e-07,0.00829561744415411,0.793540574040217,0.198034649042884,0.000128933227260285,3.2
"24","High","Medium","High",4.47935449785072e-15,9.35985593707208e-08,0.00510240020323146,0.725657183263081,0.269240322935123,4
"25","High","High","Low",2.92721450385509e-05,0.0993811446870514,0.88024803789406,0.020340319071677,1.22620217312089e-06,2.9
"26","High","High","Medium",7.00322857168737e-12,1.35497936449002e-05,0.0683941073886667,0.900650543195437,0.0309417996152479,3.7
"27","High","High","High",2.04162338184414e-21,2.25110081251305e-12,6.47538929867462e-06,0.048594648634884,0.951398875973566,4.5
