"","Woodland_cover_400m","LF_cover_400m","Low","Medium","High","total_score"
"1","Low","Low",0.951398875975708,0.0485946486349934,6.47538929868919e-06,1.6
"2","Low","Medium",0.677512913344455,0.322087618551798,0.000399468103746878,2.2
"3","Low","High",0.182621373855038,0.80805086497158,0.00932776117338185,2.8
"4","Medium","Low",0.0978167672602643,0.881460636543575,0.0207225961961604,1.8695652173913
"5","Medium","Medium",0.0463429303084531,0.907314139383094,0.0463429303084531,2
"6","Medium","High",0.0207225961961604,0.881460636543575,0.0978167672602645,2.1304347826087
"7","High","Low",6.47538929868919e-06,0.0485946486349934,0.951398875975708,3
"8","High","Medium",6.47538929868919e-06,0.0485946486349934,0.951398875975708,3
"9","High","High",6.47538929868919e-06,0.0485946486349934,0.951398875975708,3
